label	Number_TM_domains
A1O5_00943_t1	14
A1O5_02960_t1	14
A1O5_05365_t1	14
A1O5_08329_t1	14
A1O5_12941_t1	14
A1O7_02689_t1	14
A1O7_03975_t1	14
A1O7_07174_t1	14
A1O7_09024_t1	14
A1O7_09283_t1	14
A1O9_00046_t1	14
A1O9_01805_t1	14
A1O9_02552_t1	14
A1O9_04232_t1	9
A1O9_07225_t1	14
A1O9_08792_t1	14
A1O9_09849_t1	14
A1O9_12485_t1	14
A1O9_12820_t1	14
A1Q1_00379_t1	14
A1Q1_01206_t1	14
A1Q1_03305_t1	14
A1Q1_05499_t1	14
A1Q1_05839_t1	14
A1Q1_06257_t1	14
A1Q1_06285_t1	14
A9K55_001103_t1	14
A9K55_001268_t1	14
A9K55_002986_t1	14
A9K55_005197_t1	14
A9K55_006082_t1	14
A9K55_006092_t1	14
A9K55_007188_t1	14
A9K55_009027_t1	14
A9K55_009057_t1	14
AAP_01113_t1	14
AAP_03305_t1	14
AAP_04688_t1	14
AB675_10694_t1	14
AB675_10976_t1	14
AB675_11913_t1	8
AB675_5037_t1	14
AB675_7238_t1	14
AC631_03306_t1	14
AC631_04348_t1	14
AC631_05306_t1	14
AC631_05895_t1	14
ACJ72_03205_t1	14
ACJ72_04034_t1	14
ACJ72_05755_t1	14
ACJ72_07511_t1	12
ACJ73_04053_t1	14
ACJ73_05362_t1	14
ACJ73_08208_t1	14
ACJ73_09216_t1	14
ACLA_006400-t26_1	14
ACLA_007770-t26_1	14
ACLA_060320-t26_1	14
ACLA_060980-t26_1	16
ACLA_068610-t26_1	14
AFLA_002953_t1	14
AFLA_003264_t1	14
AFLA_004834_t1	14
AFLA_006160_t1	14
AFLA_006274_t1	14
AFLA_006336_t1	14
AFLA_006413_t1	14
AFLA_007670_t1	14
AFLA_007729_t1	14
AFLA_008408_t1	14
AFLA_008967_t1	14
AFLA_008983_t1	14
AFLA_009775_t1	14
AFLA_011305_t1	14
AFLA_012825_t1	14
AFLA_013357_t1	14
AFLA_013777_t1	14
AFUB_022760-T	14
AFUB_035520-T	14
AFUB_044500-T	14
AFUB_044810-T	14
AFUB_047020-T	14
AFUB_090270-T	14
AFUB_091650-T	14
AGR57_2787T0	14
AJ78_00998_t1	14
AJ78_02250_t1	14
AJ78_03273_t1	14
AJ78_03455_t1	14
AJ78_05566_t1	14
AJ78_08723_t1	14
AKAW_02354-t41_1	14
AKAW_03410-t41_1	14
AKAW_04659-t41_1	14
AKAW_07805-t41_1	14
AKAW_10088-t41_1	14
AKAW_10135-t41_1	14
AKAW_10641-t41_1	14
AKAW_10887-t41_1	14
AN0374-T	14
AN3160-T	14
AN3763-T	14
AN5378-T	14
AN6238-T	14
AN7485-T	14
AN7800-T	14
AN8365-T	14
AN8499-T	13
AN8540-T	14
AO090001000065-T	14
AO090001000692-T	14
AO090005000166-T	14
AO090005000471-T	14
AO090009000061-T	14
AO090010000222-T	14
AO090011000268-T	14
AO090011000331-T	14
AO090023000049-T	14
AO090026000039-T	14
AO090026000144-T	14
AO090038000485-T	14
AO090038000498-T	14
AO090103000165-T	14
AO090113000061-T	14
AO090701000329-T	14
ASPACDRAFT_125397-t33_1	14
ASPACDRAFT_1875953-t33_1	14
ASPACDRAFT_1876832-t33_1	14
ASPACDRAFT_24980-t33_1	14
ASPACDRAFT_29406-t33_1	14
ASPACDRAFT_51297-t33_1	14
ASPACDRAFT_53055-t33_1	14
ASPACDRAFT_55597-t33_1	14
ASPACDRAFT_59430-t33_1	14
ASPACDRAFT_80411-t33_1	14
ASPACDRAFT_82067-t33_1	14
ASPBRDRAFT_117434-t33_1	14
ASPBRDRAFT_123483-t33_1	14
ASPBRDRAFT_130054-t33_1	14
ASPBRDRAFT_132689-t33_1	14
ASPBRDRAFT_205311-t33_1	14
ASPBRDRAFT_209745-t33_1	14
ASPBRDRAFT_48705-t33_1	14
ASPBRDRAFT_56185-t33_1	14
ASPCADRAFT_135416-t33_1	14
ASPCADRAFT_172661-t33_1	14
ASPCADRAFT_204482-t33_1	14
ASPCADRAFT_206207-t33_1	14
ASPCADRAFT_211757-t33_1	14
ASPCADRAFT_503414-t33_1	14
ASPCADRAFT_517921-t33_1	14
ASPCADRAFT_518259-t33_1	14
ASPFODRAFT_125718-t33_1	14
ASPFODRAFT_127409-t33_1	14
ASPFODRAFT_137237-t33_1	14
ASPFODRAFT_169650-t33_1	14
ASPFODRAFT_200283-t33_1	14
ASPFODRAFT_43445-t33_1	14
ASPFODRAFT_50534-t33_1	14
ASPFODRAFT_77336-t33_1	14
ASPGLDRAFT_117082-t33_1	14
ASPGLDRAFT_138172-t33_1	14
ASPGLDRAFT_141493-t33_1	14
ASPGLDRAFT_144549-t33_1	14
ASPGLDRAFT_155853-t33_1	14
ASPGLDRAFT_167086-t33_1	14
ASPGLDRAFT_168449-t33_1	14
ASPGLDRAFT_32574-t33_1	14
ASPGLDRAFT_39607-t33_1	14
ASPGLDRAFT_55527-t33_1	14
ASPGLDRAFT_62443-t33_1	14
ASPGLDRAFT_69243-t33_1	14
ASPNIDRAFT2_1100729-t41_1	14
ASPNIDRAFT2_1103501-t41_1	14
ASPNIDRAFT2_1105147-t41_1	14
ASPNIDRAFT2_1146101-t41_1	14
ASPNIDRAFT2_1149500-t41_1	14
ASPNIDRAFT2_1161993-t41_1	14
ASPNIDRAFT2_1165578-t41_1	14
ASPNIDRAFT2_1186388-t41_1	14
ASPSYDRAFT_150356-t33_1	14
ASPSYDRAFT_152363-t33_1	14
ASPSYDRAFT_153376-t33_1	14
ASPSYDRAFT_155242-t33_1	14
ASPSYDRAFT_185359-t33_1	14
ASPSYDRAFT_31814-t33_1	14
ASPSYDRAFT_31995-t33_1	14
ASPSYDRAFT_35462-t33_1	14
ASPSYDRAFT_48016-t33_1	14
ASPSYDRAFT_54628-t33_1	14
ASPSYDRAFT_55202-t33_1	14
ASPSYDRAFT_60824-t33_1	14
ASPSYDRAFT_60918-t33_1	14
ASPSYDRAFT_61172-t33_1	13
ASPSYDRAFT_69086-t33_1	14
ASPTUDRAFT_119872-t33_1	14
ASPTUDRAFT_137258-t33_1	14
ASPTUDRAFT_167685-t33_1	14
ASPTUDRAFT_204434-t33_1	14
ASPTUDRAFT_31904-t33_1	14
ASPTUDRAFT_40640-t33_1	14
ASPTUDRAFT_49860-t33_1	14
ASPTUDRAFT_60677-t33_1	14
ASPTUDRAFT_64619-t33_1	14
ASPVEDRAFT_130135-t33_1	14
ASPVEDRAFT_132877-t33_1	14
ASPVEDRAFT_136420-t33_1	14
ASPVEDRAFT_141372-t33_1	14
ASPVEDRAFT_141647-t33_1	14
ASPVEDRAFT_152837-t33_1	14
ASPVEDRAFT_167919-t33_1	14
ASPVEDRAFT_172748-t33_1	14
ASPVEDRAFT_237306-t33_1	14
ASPVEDRAFT_370275-t33_1	13
ASPVEDRAFT_46655-t33_1	14
ASPVEDRAFT_50920-t33_1	14
ASPVEDRAFT_62918-t33_1	14
ASPVEDRAFT_87307-t33_1	14
ASPVEDRAFT_877606-t33_1	14
ASPVEDRAFT_97608-t33_1	14
ASPWEDRAFT_108520-t33_1	14
ASPWEDRAFT_121259-t33_1	14
ASPWEDRAFT_121479-t33_1	14
ASPWEDRAFT_121652-t33_1	14
ASPWEDRAFT_134616-t33_1	14
ASPWEDRAFT_48371-t33_1	14
ASPWEDRAFT_51976-t33_1	14
ASPZODRAFT_102915-t33_1	14
ASPZODRAFT_1158477-t33_1	14
ASPZODRAFT_137047-t33_1	14
ASPZODRAFT_146476-t33_1	14
ASPZODRAFT_152233-t33_1	14
ASPZODRAFT_154729-t33_1	14
ASPZODRAFT_167678-t33_1	14
ASPZODRAFT_18031-t33_1	14
ASPZODRAFT_64155-t33_1	14
ASPZODRAFT_76468-t33_1	14
ATCC64974_22850-t41_1	14
ATCC64974_24570-t41_1	14
ATCC64974_25700-t41_1	14
ATCC64974_36880-t41_1	14
ATCC64974_47620-t41_1	14
ATCC64974_51440-t41_1	14
ATCC64974_83350-t41_1	14
ATCC64974_84920-t41_1	14
ATEG_02711-t26_1	14
ATEG_03467-t26_1	14
ATEG_04071-t26_1	14
ATEG_04360-t26_1	14
ATEG_05192-t26_1	14
ATEG_06329-t26_1	12
ATEG_06762-t26_1	14
ATEG_07487-t26_1	14
ATEG_08421-t26_1	14
ATEG_09095-t26_1	14
Afu2g05730-T	14
Afu3g01360-T	14
Afu3g03440-T	14
Afu3g03640-T	14
Afu3g13670-T	14
Afu7g04730-T	14
Afu7g06060-T	14
An01g00720-T	14
An02g14190-T	14
An03g01240-T	14
An03g03560-T	14
An07g06240-T	14
An12g05510-T	14
An13g01250-T	14
An13g02810-T	14
B0J15DRAFT_146029_t1	14
B0J15DRAFT_383403_t1	14
B0J15DRAFT_395837_t1	14
B0J15DRAFT_398552_t1	14
B0J15DRAFT_400434_t1	14
B0J15DRAFT_411582_t1	14
B0J15DRAFT_411916_t1	14
B0J15DRAFT_421519_t1	14
B0J15DRAFT_427819_t1	14
B0J15DRAFT_434411_t1	14
B0J15DRAFT_434434_t1	14
B0J15DRAFT_452530_t1	14
B0J15DRAFT_473885_t1	14
B0J15DRAFT_478979_t1	14
B0J15DRAFT_485834_t1	14
B0J15DRAFT_494544_t1	14
B0J15DRAFT_505876_t1	14
B0J15DRAFT_512022_t1	14
B0J15DRAFT_516162_t1	14
B0J15DRAFT_518008_t1	14
B0J15DRAFT_539326_t1	14
B0J15DRAFT_563559_t1	12
B0J15DRAFT_578533_t1	14
B0J15DRAFT_594961_t1	14
B1J91_E04092g_t1	14
B9J08_000002-t37_1	14
B9J08_001487-t37_1	14
B9J08_001499-t37_1	14
B9J08_001519-t37_1	14
B9J08_001521-t37_1	14
B9J08_001542-t37_1	14
B9J08_001547-t37_1	12
B9J08_001948-t37_1	14
B9J08_002110-t37_1	14
B9J08_002241-t37_1	14
B9J08_002465-t37_1	14
B9J08_002581-t37_1	14
B9J08_003908-t37_1	14
B9J08_003921-t37_1	14
B9J08_004097-t37_1	14
B9J08_004474-t37_1	14
B9J08_004475-t37_1	14
BCV72DRAFT_228456_t1	11
BCV72DRAFT_292000_t1	14
BCV72DRAFT_325739_t1	14
BD410DRAFT_723842_t1	14
BDBG_00050_t1	14
BDBG_05798_t1	14
BDBG_06965_t1	14
BDBG_08034_t1	14
BDCG_00091_t1	14
BDCG_05659_t1	14
BDCG_07156_t1	14
BDCG_08631_t1	14
BDFG_01071_t1	14
BDFG_02422_t1	14
BDFG_02839_t1	14
BDFG_08317_t1	14
BDV34DRAFT_102311_t1	13
BDV34DRAFT_114812_t1	14
BDV34DRAFT_127328_t1	14
BDV34DRAFT_187121_t1	14
BDV34DRAFT_211939_t1	14
BDV34DRAFT_212702_t1	14
BDV34DRAFT_214239_t1	14
BDV34DRAFT_218324_t1	14
BDV34DRAFT_222187_t1	14
BDV34DRAFT_222836_t1	14
BDV34DRAFT_223463_t1	14
BDV34DRAFT_227430_t1	14
BDV34DRAFT_231991_t1	14
BDV34DRAFT_233243_t1	14
BDV34DRAFT_234386_t1	14
BGT96224V316_LOCUS681_t1	14
BGTH12_LOCUS657_t1	14
BO70DRAFT_281539_t1	14
BO70DRAFT_297524_t1	14
BO70DRAFT_319426_t1	14
BO70DRAFT_342158_t1	14
BO70DRAFT_365713_t1	14
BO70DRAFT_422217_t1	14
BO70DRAFT_424417_t1	14
BO71DRAFT_122118_t1	14
BO71DRAFT_25877_t1	14
BO71DRAFT_356058_t1	14
BO71DRAFT_380229_t1	14
BO71DRAFT_396299_t1	14
BO71DRAFT_403792_t1	14
BO71DRAFT_450967_t1	14
BO72DRAFT_137772_t1	14
BO72DRAFT_247314_t1	14
BO72DRAFT_385738_t1	14
BO72DRAFT_424820_t1	14
BO72DRAFT_447819_t1	14
BO72DRAFT_452813_t1	14
BO72DRAFT_474441_t1	14
BO72DRAFT_488335_t1	14
BO72DRAFT_502081_t1	14
BO72DRAFT_504429_t1	14
BO72DRAFT_507962_t1	14
BO72DRAFT_512731_t1	14
BO78DRAFT_171386_t1	14
BO78DRAFT_33463_t1	14
BO78DRAFT_386154_t1	14
BO78DRAFT_40947_t1	9
BO78DRAFT_433484_t1	14
BO78DRAFT_441942_t1	14
BO78DRAFT_452419_t1	14
BO78DRAFT_452866_t1	14
BO80DRAFT_111193_t1	14
BO80DRAFT_176592_t1	14
BO80DRAFT_374879_t1	14
BO80DRAFT_384881_t1	14
BO80DRAFT_411859_t1	14
BO80DRAFT_413242_t1	14
BO80DRAFT_442923_t1	14
BO80DRAFT_468312_t1	14
BO80DRAFT_95854_t1	14
BO82DRAFT_276348_t1	14
BO82DRAFT_279986_t1	14
BO82DRAFT_294636_t1	14
BO82DRAFT_312853_t1	14
BO82DRAFT_333849_t1	14
BO82DRAFT_381372_t1	14
BO82DRAFT_413456_t1	14
BO82DRAFT_416322_t1	14
BO82DRAFT_422627_t1	14
BO82DRAFT_428708_t1	14
BO83DRAFT_179645_t1	14
BO83DRAFT_203635_t1	14
BO83DRAFT_328907_t1	14
BO83DRAFT_342780_t1	14
BO83DRAFT_352895_t1	14
BO83DRAFT_373675_t1	14
BO83DRAFT_381453_t1	14
BO83DRAFT_436472_t1	14
BO97DRAFT_337216_t1	14
BO97DRAFT_373046_t1	14
BO97DRAFT_37965_t1	14
BO97DRAFT_383639_t1	14
BO97DRAFT_402008_t1	14
BO97DRAFT_408598_t1	14
BO97DRAFT_434521_t1	14
BO97DRAFT_442204_t1	14
BO97DRAFT_446512_t1	14
BO97DRAFT_451042_t1	14
BO97DRAFT_465302_t1	14
BO97DRAFT_466302_t1	14
BON22_0427_t1	14
BON22_1486_t1	14
BON22_4221_t1	14
BON22_4834_t1	14
BON22_4838_t1	14
BON22_4937_t1	14
BON22_4938_t1	14
BTJ68_03636_t1	14
BTJ68_05579_t1	14
BTJ68_10074_t1	14
BTJ68_13162_t1	14
BTJ68_13418_t1	14
BTJ68_15100_t1	14
BTJ68_15283_t1	14
BZA77DRAFT_372085_t1	14
BZA77DRAFT_50366_t1	14
Bcin01g11380.1_RNA	14
Bcin05g03450.1_RNA	14
Bcin08g06560.1_RNA	14
Bcin09g00730.1_RNA	14
Bcin16g01440.1_RNA	14
C2_08050C_A-T	14
C2_08050C_B-T	14
C7M61_001334_t1	14
C7M61_001339_t1	14
C7M61_003421_t1	14
C7M61_004016_t1	14
C7M61_004017_t1	14
C7M61_004162_t1	14
C7M61_004325_t1	14
C7M61_004326_t1	14
C7M61_004776_t1	14
C7M61_004777_t1	14
C7M61_004778_t1	14
C7M61_004779_t1	14
C7M61_004781_t1	14
C7M61_004889_t1	14
C7M61_005120_t1	14
C7M61_005190_t1	14
C8Q69DRAFT_443069_t1	14
C8Q69DRAFT_448712_t1	14
C8Q69DRAFT_465354_t1	14
C8Q69DRAFT_482617_t1	14
C8Q69DRAFT_78111_t1	14
C8Q69DRAFT_96578_t1	14
CAGL0E04092g-T	14
CAP80864_RNA	14
CAP86723_RNA	14
CAP91498_RNA	14
CAP92762_RNA	14
CAP93061_RNA	14
CAP95818_RNA	14
CAP97526_RNA	14
CAP98187_RNA	14
CAP98981_RNA	14
CAP99324_RNA	14
CAWG_05897-T	14
CC1G_12285-t26_1	14
CC2G_001766_t1	14
CC77DRAFT_1015035_t1	14
CC77DRAFT_1033497_t1	14
CC77DRAFT_1034109_t1	14
CC77DRAFT_1044522_t1	14
CC77DRAFT_286135_t1	14
CC77DRAFT_71629_t1	14
CC77DRAFT_930840_t1	14
CC77DRAFT_950343_t1	14
CCM_02860_t1	14
CCM_02871_t1	14
CCM_03689_t1	14
CCM_05603_t1	14
CCM_07826_t1	14
CCM_08222_t1	14
CCM_08330_t1	14
CCM_08779_t1	14
CCM_08808_t1	14
CD36_22250_t1	14
CDV56_100582_t1	14
CDV56_100984_t1	14
CDV56_101439_t1	14
CDV56_102513_t1	14
CDV56_102703_t1	14
CDV56_102849_t1	14
CDV56_103057_t1	14
CDV56_103592_t1	14
CDV56_105073_t1	14
CDV56_109552_t1	14
CGB_A9320W-t26_1	14
CGB_A9670C-t26_1	14
CGB_B9330W-t26_1	14
CGB_C6620C-t26_1	14
CGB_E6100C-t26_1	14
CGB_G6550C-t26_1	14
CH63R_00094_t1	14
CH63R_00373_t1	14
CH63R_05456_t1	14
CH63R_05487_t1	14
CH63R_06062_t1	14
CH63R_06904_t1	14
CH63R_08156_t1	14
CH63R_10339_t1	14
CH63R_11235_t1	14
CH63R_11518_t1	14
CH63R_12701_t1	14
CH63R_13110_t1	14
CH63R_13826_t1	14
CHGG_02254_t1	14
CHGG_03177_t1	14
CHGG_06774_t1	14
CHGG_08829_t1	14
CHGG_09471_t1	14
CHGG_09904_t1	14
CIHG_03120_t1	14
CIHG_07401_t1	14
CIHG_09084_t1	14
CIHG_09382_t1	14
CIHG_10437_t1	14
CIMG_00694-t26_1	14
CIMG_00782-t26_1	14
CIMG_01436-t26_1	14
CIMG_05769-t26_1	16
CIMG_07855-t26_1	14
CJI96_0000011_t1	14
CJI96_0000016_t1	14
CJI96_0002558_t1	14
CJI96_0002571_t1	14
CJI96_0002783_t1	14
CJI96_0003651_t1	14
CJI96_0003663_t1	14
CJI96_0003686_t1	14
CJI96_0004675_t1	14
CJI96_0004676_t1	11
CJI96_0005019_t1	14
CJI96_0005135_t1	14
CJI97_000009_t1	14
CJI97_001083_t1	14
CJI97_001085_t1	14
CJI97_001105_t1	14
CJI97_001117_t1	14
CJI97_001762_t1	14
CJI97_001767_t1	14
CJI97_001784_t1	14
CJI97_002009_t1	14
CJI97_002125_t1	14
CJI97_002130_t1	14
CJI97_002301_t1	14
CJI97_004100_t1	14
CJI97_004113_t1	14
CJI97_004165_t1	14
CJI97_004976_t1	14
CJI97_004977_t1	14
CJJ07_000193_t1	14
CJJ07_000784_t1	14
CJJ07_000796_t1	14
CJJ07_000848_t1	14
CJJ07_002250_t1	14
CJJ07_002923_t1	14
CJJ07_002935_t1	14
CJJ07_002955_t1	8
CJJ07_003163_t1	14
CJJ07_004055_t1	14
CJJ07_004056_t1	14
CJJ07_004137_t1	4
CJJ07_004138_t1	9
CJJ07_004143_t1	14
CJJ07_004922_t1	14
CJJ07_005053_t1	14
CJJ07_005540_t1	14
CJJ09_000004_t1	14
CJJ09_000063_t1	9
CJJ09_000080_t1	14
CJJ09_001940_t1	14
CJJ09_001947_t1	14
CJJ09_001963_t1	14
CJJ09_003036_t1	14
CJJ09_003196_t1	14
CJJ09_003746_t1	14
CJJ09_003759_t1	14
CJJ09_003780_t1	6
CJJ09_004478_t1	14
CJJ09_004479_t1	14
CJJ09_005327_t1	8
CJJ09_005328_t1	6
CJJ09_005554_t1	14
CJJ09_005675_t1	14
CKF44_00815-t42_1	14
CKF44_02083-t42_1	14
CKF44_06761-t42_1	14
CKF44_07387-t42_1	14
CKF44_07519-t42_1	14
CKF44_07751-t42_1	14
CLCR_01135-t43_1	14
CLCR_02321-t43_1	14
CLCR_03365-t43_1	14
CLCR_03414-t43_1	14
CLCR_04614-t43_1	14
CLCR_06890-t43_1	14
CLUG_01670-t34_1	14
CNA07920-t26_1	14
CNA08320-t26_1	14
CNAG_00815-t26_1	14
CNAG_02083-t26_1	14
CNAG_06761-t26_1	14
CNAG_07387-t26_1	14
CNAG_07519-t26_1	14
CNAG_07751-t26_1	14
CNB00400-t26_2	14
CNBA7750-t26_1	14
CNBA8140-t26_1	14
CNBB5290-t26_1	14
CNBC2660-t26_1	14
CNBE4530-t26_1	14
CNBG4620-t26_1	14
CNBG_1087_t1	14
CNBG_1123_t1	14
CNBG_2036_t1	14
CNBG_3486_t1	14
CNBG_5232_t1	14
CNBG_6140_t1	14
CNC04510-t26_1	14
CNE04530-t26_1	14
CNG00120-t26_1	14
CPAG_01412-t26_1	14
CPAG_02096-t26_1	14
CPAG_02176-t26_1	14
CPAG_03148-t26_1	14
CPAG_05670-t26_1	14
CPAR2_407560-T	14
CPAR2_407570-T	14
CPAR2_803020-T	14
CPAR2_803030-T	14
CPAR2_803040-T	14
CPC735_024350-t26_1	12
CPC735_041550-t26_1	14
CPC735_050000-t26_1	14
CPC735_055190-t26_1	14
CPC735_055830-t26_1	14
CPSG_01741-t26_1	14
CPSG_04378-t26_1	14
CPSG_07997-t26_1	14
CPSG_09308-t26_1	14
CPSG_09899-t26_1	14
CPUR_00858_t1	14
CPUR_01192_t1	14
CPUR_05156_t1	14
CPUR_07408_t1	14
CTMYA2_013890.t1	14
CTMYA2_033050.t1	14
CTMYA2_033060.t1	14
CTRG_00077-t43_1	9
CTRG_00078-t43_1	14
CTRG_01806-t43_1	14
CXQ85_000018-t46_1	14
CXQ85_000394-t46_1	14
CXQ85_000888-t46_1	14
CXQ85_000889-t46_1	14
CXQ85_002454-t46_1	14
CXQ85_002600-t46_1	14
CXQ85_003139-t46_1	14
CXQ85_003161-t46_1	14
CXQ85_004562-t46_1	14
CXQ85_004564-t46_1	14
CXQ85_004565-t46_1	14
CXQ85_004927-t46_1	14
CXQ85_004930-t46_1	14
CXQ85_004931-t46_1	14
CXQ85_005266-t46_1	14
CXQ85_005357-t46_1	14
CXQ85_005362-t46_1	14
CXQ85_005363-t46_1	14
CXQ85_005400-t46_1	14
CXQ87_000007-t45_1	4
CXQ87_000012-t45_1	14
CXQ87_003032-t45_1	14
CXQ87_003581-t45_1	14
CXQ87_003600-t45_1	14
CXQ87_003616-t45_1	14
CXQ87_003617-t45_1	14
CXQ87_003620-t45_1	9
CXQ87_004673-t45_1	14
CXQ87_004686-t45_1	14
CXQ87_004687-t45_1	14
CXQ87_005003-t45_1	14
CXQ87_005016-t45_1	14
D1P53_001446_t1	14
D1P53_002199_t1	14
D1P53_002898_t1	14
D1P53_003982_t1	14
D1P53_006286_t1	14
D1P53_006325_t1	14
D8B26_001758_t1	14
D8B26_002337_t2	14
D8B26_002409_t2	13
D8B26_004191_t1	14
D8B26_005629_t1	14
DEHA2A03806g_t1	14
DEHA2A14696g_t1	14
DEHA2B16478g_t1	14
DEHA2C05390g_t1	14
DEHA2E02596g_t1	14
DFL_003901_t1	14
DFL_009759_t1	14
DIURU_001843_t1	14
DIURU_001881_t1	4
DIURU_003188_t1	11
DIURU_003684_t1	14
DIZ76_011210_t1	14
DIZ76_011771_t1	14
DIZ76_011840_t1	14
DIZ76_012629_t1	16
DIZ76_014636_t1	14
DNF11_2851_t1	14
DNF11_3508_t1	14
DV737_g2179_t1	14
DV737_g4036_t1	15
DV737_g5487_t1	14
EMCG_01872_t1	14
EMCG_03470_t1	14
EMCG_06864_t1	14
EYZ11_002531_t1	14
EYZ11_003880_t1	12
EYZ11_005617_t1	14
EYZ11_008633_t1	14
EYZ11_008908_t1	14
EYZ11_009125_t1	12
F4678DRAFT_335062_t1	14
F4678DRAFT_425931_t1	14
F4678DRAFT_434591_t1	14
F4678DRAFT_78281_t1	14
F503_01467_t1	14
F503_01627_t1	14
F503_02196_t1	14
F503_03037_t1	14
F503_03673_t1	14
F503_04536_t1	14
F503_04663_t1	14
F503_05431_t1	14
F503_06567_t1	14
F503_08173_t1	14
F503_08733_t1	14
F9C07_10048_t1	14
F9C07_13174_t1	14
F9C07_190_t1	14
F9C07_2061143_t1	14
F9C07_2065261_t1	14
F9C07_2135561_t1	14
F9C07_2260403_t1	14
F9C07_2280639_t1	14
F9C07_2282692_t1	14
F9C07_2282850_t1	14
F9C07_2284724_t1	14
F9C07_2285513_t1	14
F9C07_2286183_t1	14
F9C07_2287059_t1	14
F9C07_4222_t1	14
F9C07_5492_t1	14
F9C07_8451_t1	14
FCIRC_10688_t1	14
FCIRC_13348_t1	14
FCIRC_13460_t1	14
FCIRC_1551_t1	14
FCIRC_15_t1	24
FCIRC_2202_t1	14
FCIRC_3090_t1	14
FCIRC_3103_t1	14
FCIRC_3274_t1	14
FCIRC_4703_t1	14
FCIRC_8790_t1	14
FCIRC_9444_t1	14
FFUJ_01055-t31_1	14
FFUJ_03748-t31_1	14
FFUJ_04021-t31_1	14
FFUJ_04803-t31_1	14
FFUJ_05517-t31_1	14
FFUJ_05746-t31_1	14
FFUJ_06611-t31_1	14
FFUJ_10720-t31_1	14
FFUJ_10733-t31_1	14
FFUJ_13003-t31_1	14
FFUJ_14091-t31_1	14
FFUJ_14589-t31_1	14
FFUJ_14834-t31_1	14
FGRAMPH1_01T01375	14
FGRAMPH1_01T05431	14
FGRAMPH1_01T09101	14
FGRAMPH1_01T13583	14
FGRAMPH1_01T13601	14
FGRAMPH1_01T18909	14
FGRAMPH1_01T21059	14
FGRAMPH1_01T21669	14
FGRAMPH1_01T25331	14
FGRAMPH1_01T26485	14
FMAN_01044_t1	14
FMAN_02587_t1	14
FMAN_03342_t1	14
FMAN_03605_t1	14
FMAN_05444_t1	14
FMAN_06248_t1	14
FMAN_06480_t1	14
FMAN_06844_t1	14
FMAN_08537_t1	14
FMAN_08757_t1	14
FMAN_09637_t1	14
FMAN_13599_t1	14
FMAN_13612_t1	14
FOC1_g10000090-t38_1	14
FOC1_g10002436-t38_1	14
FOC1_g10003948-t38_1	14
FOC1_g10005675-t38_1	14
FOC1_g10006086-t38_1	14
FOC1_g10006437-t38_1	14
FOC1_g10007093-t38_1	14
FOC1_g10007106-t38_1	14
FOC1_g10007398-t38_1	14
FOC1_g10008386-t38_1	14
FOC1_g10010151-t38_1	14
FOC1_g10011879-t38_1	14
FOC1_g10015270-t38_1	14
FOC1_g10015813-t38_1	14
FOC4_g10000031-t38_1	9
FOC4_g10001616-t38_1	14
FOC4_g10003572-t38_1	14
FOC4_g10005551-t38_1	14
FOC4_g10005943-t38_1	14
FOC4_g10009750-t38_1	14
FOC4_g10009763-t38_1	14
FOC4_g10011729-t38_1	14
FOC4_g10012405-t38_1	14
FOC4_g10015008-t38_1	9
FOC4_g10015009-t38_1	14
FOIG_01025-t36_1	14
FOIG_01709-t36_1	14
FOIG_03862-t36_1	14
FOIG_06275-t36_1	14
FOIG_08293-t36_1	14
FOIG_10604-t36_1	14
FOIG_11489-t36_1	14
FOIG_12078-t36_1	12
FOIG_12538-t36_1	14
FOIG_13731-t36_1	14
FOIG_14212-t36_1	14
FOIG_14226-t36_1	14
FOIG_15172-t36_1	14
FOMG_01223-t38_1	14
FOMG_03399-t38_1	14
FOMG_04319-t38_1	14
FOMG_06115-t38_1	14
FOMG_09502-t38_1	14
FOMG_10830-t38_1	14
FOMG_11482-t38_1	14
FOMG_11733-t38_1	14
FOMG_12301-t38_1	14
FOMG_13011-t38_2	12
FOMG_14373-t38_1	14
FOMG_14388-t38_1	14
FOMG_15540-t38_1	10
FOMG_16986-t38_1	14
FOXG_00517-t26_1	14
FOXG_02767-t26_1	14
FOXG_03557-t26_2	12
FOXG_03843-t26_1	14
FOXG_04816-t26_1	14
FOXG_05639-t26_1	11
FOXG_07525-t26_1	10
FOXG_08367-t26_1	14
FOXG_09769-t26_1	14
FOXG_09782-t26_2	14
FOXG_13371-t26_1	14
FOXG_15714-t26_1	10
FOXG_17425-t26_1	14
FOYG_00999-t42_1	14
FOYG_01899-t42_1	14
FOYG_04077-t42_1	9
FOYG_04321-t42_1	14
FOYG_05182-t42_1	14
FOYG_06830-t42_1	14
FOYG_07564-t42_1	14
FOYG_09173-t42_1	14
FOYG_10092-t42_2	12
FOYG_10371-t42_1	10
FOYG_13463-t42_1	14
FOYG_13477-t42_1	14
FOYG_14131-t42_1	14
FOYG_14521-t42_1	14
FOZG_01217-t36_1	14
FOZG_03324-t36_1	14
FOZG_04227-t36_1	14
FOZG_06878-t36_1	14
FOZG_07749-t36_1	14
FOZG_07999-t36_1	14
FOZG_08165-t36_2	10
FOZG_08446-t36_1	12
FOZG_09374-t36_1	14
FOZG_10508-t36_1	14
FOZG_14011-t36_1	14
FOZG_14025-t36_2	14
FOZG_15380-t36_1	14
FOZG_15784-t36_1	14
FOZG_17365-t36_1	14
FPRN_01037-t42_1	14
FPRN_02588-t42_1	14
FPRN_03356-t42_1	14
FPRN_03624-t42_1	14
FPRN_05546-t42_1	14
FPRN_06363-t42_1	14
FPRN_06614-t42_1	14
FPRN_08684-t42_1	14
FPRN_08906-t42_1	14
FPRN_09745-t42_1	14
FPRN_13627-t42_1	14
FPRN_13640-t42_1	14
FPRN_15181-t42_1	14
FPRO_01086-t41_1	14
FPRO_02700-t41_1	14
FPRO_03498-t41_1	14
FPRO_03773-t41_1	14
FPRO_05705-t41_1	14
FPRO_06531-t41_1	14
FPRO_06785-t41_1	14
FPRO_07215-t41_1	14
FPRO_08996-t41_1	14
FPRO_09226-t41_1	14
FPRO_10094-t41_1	14
FPRO_14247-t41_1	14
FPRO_14260-t41_1	14
FPRO_15977-t41_1	14
FVEG_00996-t26_1	14
FVEG_01587-t26_1	14
FVEG_02430-t26_1	14
FVEG_03479-t26_1	14
FVEG_03733-t26_1	14
FVEG_04458-t26_1	14
FVEG_06305-t26_1	14
FVEG_08700-t26_1	14
FVEG_08712-t26_1	14
FVEG_12019-t26_1	14
FVEG_12175-t26_1	14
FVEG_12506-t26_1	14
FVEG_13165-t26_1	12
G647_01773_t1	14
G647_01830_t1	14
G647_02315_t1	14
G647_02932_t1	14
G647_05688_t1	14
G647_09232_t1	14
GGTG_02526_t1	14
GGTG_03348_t1	14
GGTG_08887_t1	14
GGTG_13764_t1	4
GGTG_14377_t1	9
GLRG_07668_t1	14
GLRG_08506_t1	14
GLRG_11169_t1	14
GLRG_11550_t1	14
GMDG_02451_t1	14
GMDG_02921_t1	14
GMDG_07922_t1	14
GMDG_07967_t1	14
GVI51_E03817_t1	14
GW608_E03795_t1	14
GWK60_E03795_t1	14
HCAG_02222-t26_1	14
HCAG_07290-t26_1	12
HCAG_08685-t26_1	14
HCDG_01357-t38_1	14
HCDG_06201-t38_1	12
HCDG_08467-t38_1	12
HMPREF1120_01220_t1	14
HMPREF1120_01434_t1	14
HMPREF1120_02555_t1	14
HMPREF1120_03517_t1	14
HMPREF1120_07838_t1	14
HMPREF1120_07913_t1	14
HMPREF1120_08894_t1	14
HMPREF1120_09237_t1	14
HMPREF1541_00930-t46_1	14
HMPREF1541_01633-t46_1	14
HMPREF1541_03120-t46_1	14
HMPREF1541_03355-t46_1	14
HMPREF1541_05844-t46_1	14
HMPREF1541_07954-t46_1	14
HMPREF1541_08474-t46_1	14
HMPREF1541_09735-t46_1	14
HMPREF1541_09902-t46_1	14
HMPREF1541_11084-t46_1	13
HMPREF1544_01595-t46_1	14
HMPREF1544_03361-t46_1	14
HMPREF1544_04288-t46_1	13
HMPREF1544_04611-t46_1	14
HMPREF1544_08062-t46_1	14
HMPREF1544_09219-t46_1	14
HMPREF1544_10262-t46_1	14
HMPREF1544_10856-t46_1	14
HVAS_10090800.1	7
HVAS_10090801.1	3
HVAS_10116830.1	13
HZS61_000907_t1	14
HZS61_005946_t1	14
HZS61_005959_t1	14
HZS61_011874_t1	14
HZS61_012767_t1	14
HZS61_013254_t1	13
HZS61_013448_t1	14
HZS61_014016_t1	14
HZS61_014691_t1	15
HZS61_014898_t1	14
HZS61_015646_t1	14
HZS61_015858_t1	12
I203_01081_t1	14
I203_01214_t1	14
I203_02200_t1	14
I203_06681_t1	14
I203_06775_t1	14
I203_07047_t1	13
I203_07680_t1	14
I203_08455_t1	14
I203_08466_t1	14
I302_01201-t42_1	14
I302_01406-t42_1	14
I302_01710-t42_1	14
I302_01838-t42_1	14
I302_01947-t42_1	14
I302_02872-t42_1	14
I302_03999-t42_1	14
I302_08816-t42_1	14
I302_09243-t42_1	14
I303_00004-t42_1	14
I303_01050-t42_1	13
I303_01870-t42_1	14
I303_03324-t42_1	14
I303_04076-t42_1	14
I303_06353-t42_1	14
I303_07564-t42_1	14
I303_07979-t42_1	14
I303_08093-t42_1	14
I303_08199-t42_1	14
I306_01006-t38_1	14
I306_03564-t38_1	14
I306_03606-t38_1	14
I306_04701-t38_1	14
I306_05531-t38_1	14
I306_06192-t38_1	14
I308_01081-t35_1	14
I308_02257-t35_1	14
I308_05825-t35_1	13
I308_05865-t35_1	14
I308_06299-t35_1	14
I311_00805-t41_1	14
I311_03652-t41_1	14
I311_04335-t41_1	14
I311_04972-t41_1	14
I311_05703-t41_1	14
I311_06353-t41_1	14
I314_00006-t35_1	14
I314_00046-t35_1	14
I314_01342-t35_1	14
I314_02082-t35_1	14
I314_06442-t35_1	14
I317_01440-t43_1	14
I317_01798-t43_1	14
I317_03062-t43_1	14
I317_03190-t43_1	14
I317_03690-t43_1	14
I317_03841-t43_1	14
I317_04924-t43_1	14
I317_05410-t43_1	14
I317_07012-t43_1	14
I317_07014-t43_1	14
I7I48_00189_t1	14
I7I48_02563_t1	14
I7I48_07130_t1	14
I7I50_01435_t1	14
I7I50_08321_t1	10
I7I50_11256_t1	14
I7I50_12634_t1	14
I7I51_01090_t1	12
I7I51_02773_t1	14
I7I51_05993_t1	10
I7I52_02494_t1	14
I7I52_05837_t1	10
I7I52_11061_t1	14
I7I52_12551_t1	14
I7I53_02645_t1	14
I7I53_07292_t1	14
I7I53_08609_t1	14
I7I53_08837_t1	14
I9W82_000178_t1	14
I9W82_000179_t1	9
I9W82_002838_t1	14
I9W82_002839_t1	14
JI435_005650_t1	14
JI435_101450_t1	14
JI435_108110_t1	14
JI435_127860_t1	14
JI435_132140_t1	14
JI435_144390_t1	14
K3495_g7695_t1	14
K441DRAFT_662721-t45_1	14
K441DRAFT_691293-t45_1	14
KLLA0_A10439g_t1	14
KLLA0_C00220g_t1	14
KLLA0_C19272g_t1	14
KLLA0_D19945g_t1	14
KLLA0_E14609g_t1	14
KLMA_10008_t1	14
KLMA_10010_t1	14
KLMA_10519_t1	14
KLMA_10824_t1	14
KLMA_30012_t1	14
KLMA_30276_t1	14
KLMA_40087_t1	14
KLMA_40627_t1	14
L203_02048_t1	14
L203_04195_t1	14
L203_04398_t1	14
L204_02712_t1	14
L204_04761_t1	14
L204_06310_t1	14
L226DRAFT_223633_t1	14
L226DRAFT_457510_t1	13
L226DRAFT_548359_t1	14
L226DRAFT_610034_t1	14
LCOR_01340.1_t1	14
LCOR_02083.1_t1	14
LCOR_07665.1_t1	14
LELG_02353_t1	14
LEMA_P012400.1_t1	14
LEMA_P052170.1_t1	14
LEMA_P070200.1_t1	14
LEMA_P078180.1_t1	14
LEMA_P081190.1_t1	14
LEMA_P110560.1_t1	14
LQV05_000779_t1	14
LQV05_000821_t1	14
LQV05_002705_t1	14
LQV05_004369_t1	14
LQV05_005367_t1	14
LQV05_005933_t1	14
M747DRAFT_249757-t43_1	14
M747DRAFT_253379-t43_1	14
M747DRAFT_292704-t43_1	14
M747DRAFT_293032-t43_1	14
M747DRAFT_293805-t43_1	14
M747DRAFT_296402-t43_1	14
M747DRAFT_298232-t43_1	14
M747DRAFT_351922-t43_1	14
MAN_02713_t1	14
MAN_03660_t1	14
MAN_03710_t1	14
MAN_03714_t1	14
MAN_04522_t1	14
MAN_05096_t1	14
MAN_05307_t1	14
MAN_06263_t1	14
MAN_07969_t1	14
MAN_09063_t1	14
MAN_10242_t1	14
MAPG_01433_t1	14
MAPG_03549_t1	14
MAPG_06324_t1	12
MAPG_09410_t1	14
MCYG_00619_t1	14
MCYG_03514_t1	14
MCYG_04768_t1	14
MCYG_08679_t1	14
MCYG_08681_t1	14
MELLADRAFT_109003-t26_1	14
MELLADRAFT_38673-t26_1	13
MERGE_002508_t1	14
MFRU_002g01750_t1	14
MFRU_017g00630_t1	14
MFRU_025g00070_t1	14
MGG_00133-t26_1	14
MGG_01931-t26_1	14
MGG_15331-t26_1	14
MGL_1571_t1	14
MGL_3460_t1	14
MGYG_01342_t1	14
MGYG_03129_t1	14
MGYG_08122_t1	14
MGYG_08835_t1	14
MGYG_08838_t1	14
MMYC01_200267_t1	14
MMYC01_206483_t1	14
MMYC01_209443_t1	14
MPH_01038_t1	14
MPH_01686_t1	9
MPH_02490_t1	14
MPH_06903_t1	14
MPH_08336_t1	14
MPH_08448_t1	14
MPH_09759_t1	9
MPH_10970_t1	14
MRET_2650-t46_1	14
MRET_3788-t46_1	14
MSYG_3301_t1	14
MUCCIDRAFT_107245_t1	14
MUCCIDRAFT_112863_t1	14
MUCCIDRAFT_115304_t1	14
MUCCIDRAFT_117834_t1	13
MUCCIDRAFT_117981_t1	14
MUCCIDRAFT_118043_t1	14
MUCCIDRAFT_154647_t1	14
MUCCIDRAFT_189752_t1	14
MUCCIDRAFT_84715_t1	14
MYCFIDRAFT_140751_t1	14
MYCFIDRAFT_152322_t1	14
MYCFIDRAFT_54088_t1	14
MYCFIDRAFT_71925_t1	14
MYCTH_109499_t1	14
MYCTH_2304823_t1	14
MYCTH_2307144_t1	14
MYCTH_2308280_t1	14
Malapachy_1890_t1	14
Malapachy_2509_t1	14
NCU06132-t26_1	14
NCU07564-t26_1	14
NECHADRAFT_101741_t1	14
NECHADRAFT_103318_t1	14
NECHADRAFT_32666_t1	14
NECHADRAFT_34502_t1	14
NECHADRAFT_40267_t1	14
NECHADRAFT_42863_t1	14
NECHADRAFT_46071_t1	14
NECHADRAFT_49797_t1	14
NECHADRAFT_53625_t1	14
NECHADRAFT_55481_t1	14
NECHADRAFT_56037_t1	14
NECHADRAFT_57783_t1	14
NECHADRAFT_70699_t1	14
NECHADRAFT_74863_t1	14
NECHADRAFT_78056_t1	14
NECHADRAFT_78391_t1	14
NECHADRAFT_78541_t1	14
NECHADRAFT_81110_t1	14
NECHADRAFT_84400_t1	14
NECHADRAFT_87043_t1	14
NECHADRAFT_97427_t1	14
NECHADRAFT_97429_t1	14
NEUDI_155162T0	14
NEUDI_82445T0	14
NEUTE1DRAFT_117741-t26_1	14
NEUTE1DRAFT_63985-t26_1	14
NFIA_002330_t1	14
NFIA_005610_t1	14
NFIA_005880_t1	14
NFIA_025680_t1	14
NFIA_027310_t1	14
NFIA_063690_t1	14
NFIA_082450_t1	14
P168DRAFT_242490-t37_1	14
P168DRAFT_259488-t37_1	14
P168DRAFT_267810-t37_1	14
P168DRAFT_284875-t37_1	14
P168DRAFT_297870-t37_1	14
P168DRAFT_59362-t37_1	14
P170DRAFT_352335-t37_1	14
P170DRAFT_355591-t37_1	14
P170DRAFT_367339-t37_1	14
P170DRAFT_372951-t37_1	14
P170DRAFT_419394-t37_1	14
P170DRAFT_435638-t37_1	14
P170DRAFT_437488-t37_1	14
P170DRAFT_439047-t37_1	14
P170DRAFT_439859-t37_1	14
P170DRAFT_440373-t37_1	14
P170DRAFT_440494-t37_1	14
P170DRAFT_479892-t37_1	14
P170DRAFT_510907-t37_1	14
P170DRAFT_5515-t37_1	14
P174DRAFT_375599-t37_1	14
P174DRAFT_397792-t37_1	14
P174DRAFT_423489-t37_1	14
P174DRAFT_426789-t37_1	14
P174DRAFT_443452-t37_1	12
P174DRAFT_452745-t37_1	14
P174DRAFT_464474-t37_1	14
P175DRAFT_0251972-t39_1	14
P175DRAFT_0437576-t39_1	14
P175DRAFT_0438590-t39_1	14
P175DRAFT_0467839-t39_1	14
P175DRAFT_0500171-t39_1	14
P175DRAFT_0518401-t39_1	14
P175DRAFT_0547559-t39_1	14
P175DRAFT_0551919-t39_1	14
PAAG_01685-t30_1	14
PAAG_02233-t30_1	14
PAAG_06516-t30_1	14
PABG_02063-t30_1	14
PABG_03732-t30_1	14
PABG_04747-t30_1	14
PADG_00095-t30_1	14
PADG_00462-t30_1	14
PADG_05373-t30_1	14
PC9H_002680_t1	14
PDIP_04760_t1	14
PDIP_16570_t1	14
PDIP_49470_t1	14
PDIP_58070_t1	14
PDIP_62200_t1	12
PDIP_84890_t1	14
PDIP_86780_t1	14
PEXP_005450_t1	14
PEXP_007360_t1	14
PEXP_009060_t1	14
PEXP_011240_t1	14
PEXP_012370_t1	14
PEXP_023020_t1	14
PEXP_033410_t1	14
PEXP_033660_t1	14
PEXP_048020_t1	14
PEXP_060610_t1	14
PEXP_066150_t1	14
PEXP_095130_t1	14
PEXP_102820_t1	14
PEXP_104850_t1	14
PEXP_108730_t1	14
PGUG_00173_t1	14
PGUG_02298_t1	11
PGUG_03941_t1	14
PGUG_04002_t1	14
PGUG_04513_t1	14
PGUG_05184_t1	14
PGUG_05301_t1	14
PHYBLDRAFT_168765_t1	14
PLEOSDRAFT_1050010_t1	14
PMAA_002890-t26_1	14
PMAA_062990-t26_1	14
PMAA_071370-t26_1	14
PMAC_000125_t1	14
PNEG_00663_t1	14
PODANS_5_3540_t1	14
PODANS_5_4490_t1	14
PODANS_7_120_t1	14
PODANS_7_6950_t1	13
PODCO_503540_t1	14
PODCO_504490_t1	14
PODCO_700120_t1	14
PODCO_706950_t1	14
PORY_000234_t1	12
PV06_00337-t43_1	14
PV06_00757-t43_1	14
PV06_00939-t43_1	14
PV06_02094-t43_1	14
PV06_02816-t43_1	14
PV06_03452-t43_1	14
PV06_04328-t43_1	14
PV06_04526-t43_1	14
PV06_04830-t43_1	13
PV06_06505-t43_1	14
PV06_06954-t43_1	14
PV06_07934-t43_2	12
PV06_08841-t43_1	14
PV06_09425-t43_1	14
PV06_09734-t43_1	14
PV06_10572-t43_1	14
PV06_11379-t43_1	14
PV07_01389-t44_1	14
PV07_02305-t44_1	14
PV07_05408-t44_1	14
PV07_05645-t44_1	14
PV07_11578-t44_1	14
PV08_00599_t1	14
PV08_01671_t1	14
PV08_01672_t1	14
PV08_02208_t1	14
PV08_04205_t1	14
PV08_07364_t1	14
PV08_08328_t1	14
PV08_09781_t1	14
PV08_10060_t1	14
PV08_10867_t1	14
PV09_04774_t2	14
PV09_06627_t1	14
PV09_07488_t1	14
PV09_08220_t1	14
PV09_08975_t1	14
PV10_01063-t45_1	14
PV10_03076-t45_1	14
PV10_03233-t45_1	14
PV10_04215-t45_1	14
PV10_04332-t45_1	14
PV10_05290-t45_2	14
PV10_05617-t45_2	13
PV10_06568-t45_1	14
PV10_07335-t45_1	14
PV10_07730-t45_1	14
PV10_08640-t45_2	14
PV10_09024-t45_1	14
PpBr36_01420_t1	14
PpBr36_04900_t1	14
PpBr36_09020_t1	14
QG37_00002_t1	14
QG37_00088_t1	14
QG37_00105_t1	14
QG37_00362_t1	14
QG37_03402_t1	14
QG37_03408_t1	14
QG37_03900_t1	14
QG37_03901_t1	14
QG37_05696_t1	14
QG37_06086_t1	14
QG37_06263_t1	14
QG37_06478_t1	14
QG37_06492_t1	14
QG37_06523_t1	14
QG37_06526_t1	14
QG37_06555_t1	14
QG37_08119_t1	14
RL4_JR_00235-RA	14
RL4_JR_00670-RA	14
RL4_JR_02042-RA	14
RL4_JR_02820-RA	14
RL4_JR_03751-RA	14
RL4_JR_04083-RA	14
RL4_JR_04950-RA	14
RL4_JR_05010-RA	14
RL4_JR_05111-RA	14
RL4_JR_06754-RA	14
RL4_JR_07722-RA	14
RL4_JR_08377-RA	14
RL4_JR_08585-RA	14
RL4_JR_09107-RA	13
RL4_JR_09675-RA	24
RL4_JR_09828-RA	14
RO3G_00075-t26_1	14
RO3G_05990-t26_1	14
RO3G_12627-t26_1	14
RO3G_16758-t26_1	14
S40293_01136_t1	14
S40293_03742_t1	14
S40293_04988_t1	14
S40293_05283_t1	14
S40293_07888_t1	14
S40293_08323_t1	14
S40293_09359_t1	14
SAPIO_CDS2478-t41_1	14
SAPIO_CDS4564-t41_1	14
SAPIO_CDS4736-t41_1	14
SAPIO_CDS6391-t41_1	14
SAPIO_CDS9285-t41_1	14
SCHCODRAFT_02145491_t1	14
SCHCODRAFT_02292035_t1	14
SCHCODRAFT_02481323_t1	14
SCHCODRAFT_02484130_t1	14
SCHCODRAFT_02485653_t1	14
SCHCODRAFT_02489893_t1	14
SCHCODRAFT_02636748_t1	14
SI65_01407_t1	14
SI65_04616_t1	6
SI65_04721_t1	14
SI65_07211_t1	14
SI65_07410_t1	14
SI65_08680_t1	14
SI65_09055_t1	14
SI65_10025_t1	14
SI65_10080_t1	14
SJAG_02735-t26_1	14
SJAG_02834-t26_1	14
SJAG_03667-t26_1	14
SMAC_01990_t1	14
SMAC_06384_t1	14
SMAC_09017_t1	12
SOCG_01863-t26_1	14
SOCG_03273-t26_1	14
SOCG_04013-t26_1	14
SPAC1F8.03c.1	14
SPAR_C00010_t1	14
SPAR_C00030_t1	14
SPAR_E00100_t1	14
SPAR_F00100_t1	14
SPAR_H00030_t1	14
SPAR_I00020_t1	14
SPAR_J00020_t1	14
SPAR_K03080_t1	14
SPAR_O00020_t1	14
SPBC4F6.09.1	14
SPBR_00395-t41_1	14
SPBR_00416-t41_1	14
SPBR_04831-t41_1	14
SPBR_04849-t41_1	14
SPBR_04981-t41_1	12
SPBR_06614-t41_1	14
SPCC61.01c.1	14
SPPG_00035-t26_1	14
SPPG_05839-t26_1	14
SPSK_00102-t39_1	14
SPSK_02970-t39_1	15
SPSK_04956-t39_1	14
SPSK_05868-t39_1	14
SPSK_06090-t39_1	14
SPSK_06105-t39_1	14
T551_01052_t1	14
T552_01552_t1	12
TAPDE_004897_t1	14
TEQG_01236_t1	14
TEQG_04587_t1	14
TEQG_04601_t1	14
TEQG_05488_t1	14
TEQG_07158_t1	12
TERG_00163_t1	14
TERG_03174_t1	13
TERG_04949_t1	12
TERG_08619_t1	13
TERG_08620_t1	14
TESG_02705_t1	14
TESG_05758_t1	14
TESG_05884_t1	14
TESG_05955_t1	14
TMEN_2620_t1	14
TMEN_2621_t1	14
TMEN_2691_t1	14
TMEN_9412_t1	14
TMEN_9959_t1	14
TMP_alenIFM54703_1465_t1	14
TMP_alenIFM54703_2337_t1	14
TMP_alenIFM54703_2378_t1	14
TMP_alenIFM54703_2605_t1	14
TMP_alenIFM54703_3107_t1	14
TMP_alenIFM54703_3260_t1	14
TMP_alenIFM54703_4408_t1	14
TREMEDRAFT_36224-t26_1	14
TREMEDRAFT_70004-t26_1	12
TREMEDRAFT_72832-t26_1	14
TRICI_000542_t1	14
TRICI_000647_t1	14
TRICI_002172_t1	14
TRICI_002779_t1	14
TRICI_003119_t1	14
TRICI_004545_t1	14
TRICI_005539_t1	10
TRICI_006058_t1	14
TRICI_006768_t1	14
TRIREDRAFT_53378-t26_1	14
TRIREDRAFT_67026-t26_1	14
TRIREDRAFT_71008-t26_1	14
TRIREDRAFT_78465-t26_1	14
TRIREDRAFT_82017-t26_1	14
TRIVIDRAFT_152214-t45_1	14
TRIVIDRAFT_180746-t45_1	14
TRIVIDRAFT_34210-t45_1	14
TRIVIDRAFT_43838-t45_1	14
TRIVIDRAFT_45948-t45_1	14
TRIVIDRAFT_45984-t45_1	14
TRIVIDRAFT_49743-t45_1	14
TRIVIDRAFT_51854-t45_1	14
TRIVIDRAFT_52812-t45_1	14
TSTA_011380-t26_1	14
TSTA_064950-t26_1	14
TSTA_082460-t26_1	14
TSTA_091850-t26_1	14
TSTA_100260-t26_2	14
TrQ_002306-T1	14
TrQ_005902-T1	14
TrQ_006747-T1	14
TrQ_007962-T1	14
TrQ_009075-T1	14
UMAG_04410_t1	14
UMAG_06349_t1	14
UMAG_11339_t1	14
UREG_00752_t1	14
UREG_01352_t1	14
UREG_02179_t1	14
UREG_04528_t1	11
VDAG_JR2_Chr1g22630a-00001	14
VDAG_JR2_Chr2g03080a-00001	14
VDAG_JR2_Chr3g09770a-00001	14
VDAG_JR2_Chr4g03530a-00001	14
VDAG_JR2_Chr4g05660a-00001	14
VDAG_JR2_Chr6g01080a-00001	14
VDAG_JR2_Chr6g01120a-00001	14
VDAG_JR2_Chr6g04210a-00001	14
VDAG_JR2_Chr7g00080a-00001	14
VDAG_JR2_Chr8g00650a-00001	14
VDAG_JR2_Chr8g10170a-00001	14
YALI0_A10593g-t26_1	14
YALI0_A14883g-t26_1	14
YALI0_A17149g-t26_1	14
YALI0_B19250g-t26_1	14
YALI0_C02541g-t26_1	14
YALI0_C06105g-t26_1	14
YALI0_C16225g-t26_1	14
YALI0_D05401g-t26_1	14
YALI0_D15972g-t26_1	14
YALI0_D20350g-t26_1	14
YALI0_F19118g-t26_1	14
YALI0_F20922g-t26_1	14
YALI0_F27709g-t26_1	14
YALI1_A10565g-t41_1	14
YALI1_A14882g-t41_1	14
YALI1_A17234g-t41_1	14
YALI1_B25258g-t41_1	14
YALI1_C03550g-t41_1	14
YALI1_C07894g-t41_1	14
YALI1_C20140g-t41_1	14
YALI1_C23217g-t41_1	14
YALI1_D07049g-t41_1	14
YALI1_D19775g-t41_1	14
YALI1_D25786g-t41_1	14
YALI1_F25535g-t41_1	7
YALI1_F27791g-t41_1	14
YALI1_F35219g-t41_1	14
YCL073C-t26_1	14
YEL065W-t26_1	14
YHL040C-t26_1	14
YHL047C-t26_1	14
YKR106W-t26_1	14
YOL158C-t26_1	14
Z517_00826-t43_1	14
Z517_02389-t43_1	14
Z517_02571-t43_1	14
Z517_04664-t43_1	14
Z517_05760-t43_1	14
Z517_06750-t43_1	14
Z517_07865-t43_1	14
Z517_09577-t43_1	14
Z517_10052-t43_1	14
Z517_11666-t43_1	14
Z518_00274_t1	12
Z518_00651_t1	14
Z518_02074_t1	14
Z518_02446_t1	14
Z518_03752_t1	14
Z518_05626_t1	14
Z518_05820_t1	14
Z518_07380_t1	14
Z518_08929_t1	14
Z518_08955_t1	14
Z518_09555_t1	14
Z518_10557_t1	14
Z519_00876_t1	14
Z519_08238_t1	14
Z519_09543_t1	14
Z519_11080_t1	14
Z519_11746_t1	14
Z519_12068_t1	14
Z520_01185_t1	14
Z520_05751_t1	14
ZT3D1_G3951_t1	14
ZT3D1_G4576_t1	14
ZT3D1_G5102_t1	14
ZT3D1_G9449_t1	14
ZT3D1_G9914_t1	14
ZT3D1_G9931_t1	14
ZTRI_10.402.mRNA	14
ZTRI_10.421.mRNA	14
ZTRI_3.539.mRNA	14
ZTRI_4.4.mRNA	14
ZTRI_4.495.mRNA	14
ZTRI_9.592.mRNA	14
jhhlp_000689-t41_1	14
jhhlp_001379-t41_1	14
jhhlp_001565-t41_1	14
jhhlp_001665-t41_1	14
jhhlp_004877-t41_1	14
jhhlp_008241-t41_1	14
jhhlp_008520-t41_1	14
mRNA_M_BR32_EuGene_00017611	14
mRNA_M_BR32_EuGene_00141561	14
sr12499-t26_1	14
sr15296-t26_1	14
sscle_02g011640_t1	14
sscle_05g045270_t1	14
sscle_07g061450_t1	14
sscle_14g098690_t1	14
yc1106_04012_t1	14
yc1106_04105_t1	14
yc1106_05165_t1	14
yc1106_05513_t1	14
yc1106_06739_t1	14
yc1106_09066_t1	14
